DNR_ID,site,date,species,group,concentration
62_0055,201,2020-04-10,asterionella,cyanophyta (blue-green),6177.506925
62_0055,201,2020-05-01,asterionella,cyanophyta (blue-green),3521.477378
62_0055,201,2020-05-17,dinobryon,cyanophyta (blue-green),4004.934441
62_0055,201,2020-05-21,dinobryon,cyanophyta (blue-green),3103.674977
62_0055,201,2020-05-26,dinobryon,cyanophyta (blue-green),4924.099723
62_0055,201,2020-06-09,ankistrodesmus,cyanophyta (blue-green),438.3344044
62_0055,201,2020-06-26,asterionella,cyanophyta (blue-green),859.4792244
62_0055,201,2020-07-14,microcystis,chlorophyta (green),2234.645983
62_0055,201,2020-08-03,microcystis,chlorophyta (green),4010.903047
62_0055,201,2020-08-20,oscillatoria,chlorophyta (green),4530.171745
62_0055,201,2020-09-09,microcystis,chlorophyta (green),5801.484765
62_0055,201,2020-10-05,microcystis,chlorophyta (green),5013.628809
62_0055,201,2020-10-23,oscillatoria,chlorophyta (green),7162.32687
62_0047,201,2020-04-15,ankistrodesmus,cyanophyta (blue-green),1826.393352
62_0047,201,2020-05-05,dinobryon,cyanophyta (blue-green),44.76454294
62_0047,201,2020-05-20,cryptomonas,cyanophyta (blue-green),931.1024931
62_0047,201,2020-06-11,oscillatoria,chlorophyta (green),547.1221914
62_0047,201,2020-07-01,oscillatoria,chlorophyta (green),5085.252078
62_0047,201,2020-07-23,oscillatoria,chlorophyta (green),5559.756233
62_0047,201,2020-08-06,oscillatoria,chlorophyta (green),1193.721145
62_0047,201,2020-08-26,cryptomonas,cyanophyta (blue-green),153.4784329
62_0047,201,2020-09-11,ankistrodesmus,cyanophyta (blue-green),393.9279778
62_0047,201,2020-10-09,cryptomonas,cyanophyta (blue-green),3706.504155
62_0225,201,2020-05-05,cryptomonas,cyanophyta (blue-green),795.8140966
62_0225,201,2020-05-20,cryptomonas,cyanophyta (blue-green),1067.634349
62_0225,201,2020-06-11,anabaena,cyanophyta (blue-green),376.0221607
62_0225,201,2020-07-01,oscillatoria,chlorophyta (green),752.0443213
62_0225,201,2020-07-23,ankistrodesmus,cyanophyta (blue-green),3384.199446
62_0225,201,2020-08-06,cryptomonas,cyanophyta (blue-green),108.6286242
62_0225,201,2020-08-26,oscillatoria,chlorophyta (green),2054.692521
62_0225,201,2020-09-11,gloeocapsa,cyanophyta (blue-green),42.97396122
62_0225,201,2020-10-09,cryptomonas,cyanophyta (blue-green),656.5466297
62_0225,201,2020-04-15,ankistrodesmus,cyanophyta (blue-green),684.8975069
62_0067,202,2020-05-06,cryptomonas,cyanophyta (blue-green),1024.212742
62_0067,202,2020-05-27,cryptomonas,cyanophyta (blue-green),110.1896442
62_0067,202,2020-06-12,oscillatoria,chlorophyta (green),966.9141274
62_0067,202,2020-06-26,oscillatoria,chlorophyta (green),6983.268698
62_0067,202,2020-07-21,oscillatoria,chlorophyta (green),4637.606648
62_0067,202,2020-08-10,anabaena,cyanophyta (blue-green),107.434903
62_0067,202,2020-08-27,oscillatoria,chlorophyta (green),7520.443213
62_0067,202,2020-09-17,oscillatoria,chlorophyta (green),8594.792244
62_0231,201,2020-04-13,cryptomonas,cyanophyta (blue-green),828.7835378
62_0231,201,2020-05-04,asterionella,cyanophyta (blue-green),1772.6759
62_0231,201,2020-05-18,scenedesmus,chlorophyta (green),21.88488766
62_0231,201,2020-06-10,anabaena,cyanophyta (blue-green),10.83301939
62_0231,201,2020-06-26,anabaena,cyanophyta (blue-green),402.8808864
62_0231,201,2020-07-16,gomphosphaeria,cyanophyta (blue-green),402.8808864
62_0231,201,2020-08-05,oscillatoria,chlorophyta (green),18.70757018
62_0231,201,2020-08-20,gloeocapsa,cyanophyta (blue-green),9.621036094
62_0231,201,2020-09-10,ankistrodesmus,cyanophyta (blue-green),19.69639889
62_0231,201,2020-10-08,ankistrodesmus,cyanophyta (blue-green),12.53407202
62_0054,101,2020-04-13,cryptomonas,cyanophyta (blue-green),378.7769018
62_0054,101,2020-05-04,cryptomonas,cyanophyta (blue-green),1187.155679
62_0054,101,2020-05-18,cyclotella,cyanophyta (blue-green),268.5872576
62_0054,101,2020-06-10,oscillatoria,chlorophyta (green),919.1652816
62_0054,101,2020-06-25,aphanocapsa,cyanophyta (blue-green),1002.725762
62_0054,101,2020-07-16,oscillatoria,chlorophyta (green),410.9385042
62_0054,101,2020-08-05,ankistrodesmus,cyanophyta (blue-green),65.65466297
62_0054,101,2020-08-20,oscillatoria,chlorophyta (green),913.1966759
62_0054,101,2020-09-10,anabaena,cyanophyta (blue-green),182.8951326
62_0054,101,2020-10-08,oscillatoria,chlorophyta (green),996.2145555
62_0057,401,2020-05-07,haemetococcus,chlorophyta (green),15.5702758
62_0057,401,2020-06-02,ceratium,cyanophyta (blue-green),200.9836622
62_0057,401,2020-06-15,anabaena,cyanophyta (blue-green),837.0969529
62_0057,401,2020-07-02,anabaena,cyanophyta (blue-green),265.2713655
62_0057,401,2020-07-22,oscillatoria,chlorophyta (green),2094.980609
62_0057,401,2020-08-07,oscillatoria,chlorophyta (green),5586.614958
62_0057,401,2020-08-27,oscillatoria,chlorophyta (green),6526.67036
62_0057,401,2020-09-17,oscillatoria,chlorophyta (green),6302.847645
62_0002,207,2020-05-13,cryptomonas,cyanophyta (blue-green),1186.899881
62_0002,207,2020-06-04,cryptomonas,cyanophyta (blue-green),134.2936288
62_0002,207,2020-06-24,anabaena,cyanophyta (blue-green),179.0581717
62_0002,207,2020-07-15,anabaena,cyanophyta (blue-green),639.4934705
62_0002,207,2020-07-31,anabaena,cyanophyta (blue-green),730.5573407
62_0002,207,2020-08-18,oscillatoria,chlorophyta (green),2511.290859
62_0002,207,2020-09-04,oscillatoria,chlorophyta (green),646.5989535
62_0002,207,2020-09-24,ceratium,cyanophyta (blue-green),1141.495845
62_0075,202,2020-05-08,scenedesmus,chlorophyta (green),10.7434903
62_0075,202,2020-05-28,anabaena,cyanophyta (blue-green),341.0631843
62_0075,202,2020-06-16,anabaena,cyanophyta (blue-green),620.7349954
62_0075,202,2020-07-06,oscillatoria,chlorophyta (green),1489.763989
62_0075,202,2020-07-24,oscillatoria,chlorophyta (green),8881.285319
62_0075,202,2020-08-12,anabaena,cyanophyta (blue-green),129.9615763
62_0075,202,2020-09-02,oscillatoria,chlorophyta (green),10636.0554
62_0075,202,2020-09-15,oscillatoria,chlorophyta (green),9543.800554
62_0078,101,2020-05-06,cryptomonas,cyanophyta (blue-green),43.76977532
62_0078,101,2020-05-27,radiococcus,chlorophyta (green),188.0110803
62_0078,101,2020-06-15,oscillatoria,chlorophyta (green),2191.672022
62_0078,101,2020-07-02,anabaena,cyanophyta (blue-green),346.9252078
62_0078,101,2020-07-22,anabaena,cyanophyta (blue-green),2924.616805
62_0078,101,2020-08-07,oscillatoria,chlorophyta (green),5908.919668
62_0078,101,2020-08-27,oscillatoria,chlorophyta (green),7878.559557
02_0003,204,2020-05-13,ankistrodesmus,cyanophyta (blue-green),15.66759003
02_0003,204,2020-06-04,radiococcus,chlorophyta (green),17.726759
02_0003,204,2020-06-25,anabaena,cyanophyta (blue-green),491.721287
02_0003,204,2020-07-15,ceratium,cyanophyta (blue-green),3.581163435
02_0003,204,2020-07-31,anabaena,cyanophyta (blue-green),344.342638
02_0003,204,2020-08-18,oscillatoria,chlorophyta (green),326.14167
02_0003,204,2020-09-04,cryptomonas,cyanophyta (blue-green),13.16604204
02_0003,204,2020-09-24,cryptomonas,cyanophyta (blue-green),277.8488872
82_0167,234,2020-05-14,ankistrodesmus,cyanophyta (blue-green),42.40851436
82_0167,234,2020-06-08,dinobryon,cyanophyta (blue-green),273.5610957
82_0167,234,2020-06-24,dinobryon,cyanophyta (blue-green),164.1366574
82_0167,234,2020-07-16,cryptomonas,cyanophyta (blue-green),179.0581717
82_0167,234,2020-07-31,microcystis,chlorophyta (green),19.69639889
82_0167,234,2020-08-21,anabaena,cyanophyta (blue-green),23.81473684
82_0167,234,2020-09-04,anabaena,cyanophyta (blue-green),23.8744229
82_0167,234,2020-09-23,cryptomonas,cyanophyta (blue-green),18.80110803
62_0061,208,2020-05-08,ulothrix,chrysophyta (yellow-green),6.565466297
62_0061,208,2020-05-28,anabaena,cyanophyta (blue-green),287.7720617
62_0061,208,2020-06-16,ceratium,cyanophyta (blue-green),31.14055161
62_0061,208,2020-07-06,gloeocapsa,cyanophyta (blue-green),80.0166205
62_0061,208,2020-07-24,anabaena,cyanophyta (blue-green),145.0371191
62_0061,208,2020-08-12,anabaena,cyanophyta (blue-green),5371.745152
62_0061,208,2020-09-02,cryptomonas,cyanophyta (blue-green),143.2465374
62_0061,208,2020-09-15,ankistrodesmus,cyanophyta (blue-green),31.14055161
62_0083,204,2020-05-06,oscillatoria,chlorophyta (green),9239.401662
62_0083,204,2020-05-27,ceratium,cyanophyta (blue-green),161.1523546
62_0083,204,2020-06-12,ceratium,cyanophyta (blue-green),53.71745152
62_0083,204,2020-06-26,pediastrum,chlorophyta (green),24.62049861
62_0083,204,2020-07-21,anabaena,cyanophyta (blue-green),6105.883657
62_0083,204,2020-08-10,anabaena,cyanophyta (blue-green),3939.279778
62_0083,204,2020-08-24,oscillatoria,chlorophyta (green),6016.354571
62_0083,204,2020-09-14,aphanocapsa,cyanophyta (blue-green),859.4792244
62_0055,201,2020-04-10,navicula,chlorophyta (green),89.52908587
62_0055,201,2020-05-01,cryptomonas,cyanophyta (blue-green),2148.698061
62_0055,201,2020-05-17,fragilaria,cyanophyta (blue-green),262.6186519
62_0055,201,2020-05-21,microcystis,chlorophyta (green),537.1745152
62_0055,201,2020-05-26,scenedesmus,chlorophyta (green),393.9279778
62_0055,201,2020-06-09,ceratium,cyanophyta (blue-green),42.97396122
62_0055,201,2020-06-26,coelastrum,cyanophyta (blue-green),193.3828255
62_0055,201,2020-07-14,pediastrum,chlorophyta (green),257.8437673
62_0055,201,2020-08-03,ulothrix,chrysophyta (yellow-green),859.4792244
62_0055,201,2020-08-20,microcystis,chlorophyta (green),787.8559557
62_0055,201,2020-09-09,oscillatoria,chlorophyta (green),8379.922438
62_0055,201,2020-10-05,oscillatoria,chlorophyta (green),6625.152355
62_0055,201,2020-10-23,microcystis,chlorophyta (green),1432.465374
62_0047,201,2020-04-15,cryptomonas,cyanophyta (blue-green),214.8698061
62_0047,201,2020-05-05,microcystis,chlorophyta (green),111.9113573
62_0047,201,2020-05-20,phacus,chlorophyta (green),35.81163435
62_0047,201,2020-06-11,cryptomonas,cyanophyta (blue-green),437.6977532
62_0047,201,2020-07-01,mallomonas,chlorophyta (green),71.6232687
62_0047,201,2020-07-23,scenedesmus,chlorophyta (green),241.7285319
62_0047,201,2020-08-06,haemetococcus,chlorophyta (green),381.9907664
62_0047,201,2020-08-26,haemetococcus,chlorophyta (green),255.7973882
62_0047,201,2020-09-11,cryptomonas,cyanophyta (blue-green),295.4459834
62_0047,201,2020-10-09,haemetococcus,chlorophyta (green),268.5872576
62_0225,201,2020-05-05,dinobryon,cyanophyta (blue-green),175.0791013
62_0225,201,2020-05-20,dinobryon,cyanophyta (blue-green),20.14404432
62_0225,201,2020-06-11,ulothrix,chrysophyta (yellow-green),456.598338
62_0225,201,2020-07-01,anabaena,cyanophyta (blue-green),322.3047091
62_0225,201,2020-07-23,oscillatoria,chlorophyta (green),4386.925208
62_0225,201,2020-08-06,scenedesmus,chlorophyta (green),75.20443213
62_0225,201,2020-08-26,gloeocapsa,cyanophyta (blue-green),241.7285319
62_0225,201,2020-09-11,radiococcus,chlorophyta (green),85.94792244
62_0225,201,2020-10-09,mallomonas,chlorophyta (green),65.65466297
62_0225,201,2020-04-15,cryptomonas,cyanophyta (blue-green),349.1634349
62_0067,202,2020-05-06,aphanocapsa,cyanophyta (blue-green),39.39279778
62_0067,202,2020-05-27,aphanocapsa,cyanophyta (blue-green),55.09482208
62_0067,202,2020-06-12,radiococcus,chlorophyta (green),71.6232687
62_0067,202,2020-06-26,anabaena,cyanophyta (blue-green),179.0581717
62_0067,202,2020-07-21,anabaena,cyanophyta (blue-green),564.033241
62_0067,202,2020-08-10,oscillatoria,chlorophyta (green),7950.182825
62_0067,202,2020-08-27,anabaena,cyanophyta (blue-green),214.8698061
62_0067,202,2020-09-17,cryptomonas,cyanophyta (blue-green),429.7396122
62_0231,201,2020-04-13,ankistrodesmus,cyanophyta (blue-green),1197.131777
62_0231,201,2020-05-04,dinobryon,cyanophyta (blue-green),32.23047091
62_0231,201,2020-05-18,dinobryon,cyanophyta (blue-green),1138.014158
62_0231,201,2020-06-10,ceratium,cyanophyta (blue-green),4.924099723
62_0231,201,2020-06-26,phacus,chlorophyta (green),40.28808864
62_0231,201,2020-07-16,radiococcus,chlorophyta (green),88.63379501
62_0231,201,2020-08-05,anabaena,cyanophyta (blue-green),93.53785091
62_0231,201,2020-08-20,radiococcus,chlorophyta (green),48.10518047
62_0231,201,2020-09-10,oscillatoria,chlorophyta (green),29.54459834
62_0231,201,2020-10-08,phacus,chlorophyta (green),37.60221607
62_0054,101,2020-04-13,ankistrodesmus,cyanophyta (blue-green),68.17984232
62_0054,101,2020-05-04,cyclotella,cyanophyta (blue-green),465.5512465
62_0054,101,2020-05-18,oscillatoria,chlorophyta (green),139.665374
62_0054,101,2020-06-10,cyclotella,cyanophyta (blue-green),147.7229917
62_0054,101,2020-06-25,radiococcus,chlorophyta (green),214.8698061
62_0054,101,2020-07-16,ceratium,cyanophyta (blue-green),16.11523546
62_0054,101,2020-08-05,oscillatoria,chlorophyta (green),164.1366574
62_0054,101,2020-08-20,anabaena,cyanophyta (blue-green),161.1523546
62_0054,101,2020-09-10,oscillatoria,chlorophyta (green),847.9683419
62_0054,101,2020-10-08,ankistrodesmus,cyanophyta (blue-green),117.2017124
62_0057,401,2020-05-07,diatomella,cyanophyta (blue-green),194.6284475
62_0057,401,2020-06-02,stephanodiscus,chlorophyta (green),24.11803946
62_0057,401,2020-06-15,ankistrodesmus,cyanophyta (blue-green),65.65466297
62_0057,401,2020-07-02,ceratium,cyanophyta (blue-green),31.83256387
62_0057,401,2020-07-22,anabaena,cyanophyta (blue-green),765.4736842
62_0057,401,2020-08-07,anabaena,cyanophyta (blue-green),1074.34903
62_0057,401,2020-08-27,anabaena,cyanophyta (blue-green),483.4570637
62_0057,401,2020-09-17,anabaena,cyanophyta (blue-green),295.4459834
62_0002,207,2020-05-13,asterionella,cyanophyta (blue-green),61.39137317
62_0002,207,2020-06-04,mallomonas,chlorophyta (green),26.85872576
62_0002,207,2020-06-24,cryptomonas,cyanophyta (blue-green),10.7434903
62_0002,207,2020-07-15,ceratium,cyanophyta (blue-green),268.5872576
62_0002,207,2020-07-31,ankistrodesmus,cyanophyta (blue-green),57.29861496
62_0002,207,2020-08-18,ulothrix,chrysophyta (yellow-green),590.8919668
62_0002,207,2020-09-04,microcystis,chlorophyta (green),51.72791628
62_0002,207,2020-09-24,ulothrix,chrysophyta (yellow-green),179.0581717
62_0075,202,2020-05-08,ankistrodesmus,cyanophyta (blue-green),179.0581717
62_0075,202,2020-05-28,ankistrodesmus,cyanophyta (blue-green),61.39137317
62_0075,202,2020-06-16,ulothrix,chrysophyta (yellow-green),11.93721145
62_0075,202,2020-07-06,anabaena,cyanophyta (blue-green),744.8819945
62_0075,202,2020-07-24,anabaena,cyanophyta (blue-green),1145.972299
62_0075,202,2020-08-12,oscillatoria,chlorophyta (green),20.7938522
62_0075,202,2020-09-02,anabaena,cyanophyta (blue-green),1289.218837
62_0075,202,2020-09-15,ankistrodesmus,cyanophyta (blue-green),349.1634349
62_0078,101,2020-05-06,gloeocapsa,cyanophyta (blue-green),65.65466297
62_0078,101,2020-05-27,cryptomonas,cyanophyta (blue-green),447.6454294
62_0078,101,2020-06-15,anabaena,cyanophyta (blue-green),472.7135734
62_0078,101,2020-07-02,oscillatoria,chlorophyta (green),570.7479224
62_0078,101,2020-07-22,oscillatoria,chlorophyta (green),208.9012004
62_0078,101,2020-08-07,anabaena,cyanophyta (blue-green),984.8199446
62_0078,101,2020-08-27,anabaena,cyanophyta (blue-green),492.4099723
62_0078,101,2020-09-17,ceratium,cyanophyta (blue-green),268.5872576
02_0003,204,2020-05-13,cryptomonas,cyanophyta (blue-green),39.16897507
02_0003,204,2020-06-04,mallomonas,chlorophyta (green),7.251855956
02_0003,204,2020-06-25,radiococcus,chlorophyta (green),19.28318773
02_0003,204,2020-07-15,microcystis,chlorophyta (green),21.48698061
02_0003,204,2020-07-31,microcystis,chlorophyta (green),41.32111656
02_0003,204,2020-08-18,haemetococcus,chlorophyta (green),12.78986941
02_0003,204,2020-09-04,oscillatoria,chlorophyta (green),52.66416816
02_0003,204,2020-09-24,mallomonas,chlorophyta (green),16.67093323
82_0167,234,2020-05-14,oscillatoria,chlorophyta (green),6.785362298
82_0167,234,2020-06-08,phacus,chlorophyta (green),10.94244383
82_0167,234,2020-06-24,oocystis,chlorophyta (green),9.848199446
82_0167,234,2020-07-16,ankistrodesmus,cyanophyta (blue-green),85.94792244
82_0167,234,2020-07-31,oscillatoria,chlorophyta (green),98.48199446
82_0167,234,2020-08-21,phacus,chlorophyta (green),16.29429363
82_0167,234,2020-09-04,cryptomonas,cyanophyta (blue-green),15.91628193
82_0167,234,2020-09-23,gloeocapsa,cyanophyta (blue-green),4.476454294
62_0061,208,2020-05-08,cryptomonas,cyanophyta (blue-green),26.26186519
62_0061,208,2020-05-28,crucigenia,cyanophyta (blue-green),57.55441235
62_0061,208,2020-06-16,stephanodiscus,chlorophyta (green),15.5702758
62_0061,208,2020-07-06,asterionella,cyanophyta (blue-green),40.00831025
62_0061,208,2020-07-24,gloeocapsa,cyanophyta (blue-green),64.46094183
62_0061,208,2020-08-12,oscillatoria,chlorophyta (green),17189.58449
62_0061,208,2020-09-02,anabaena,cyanophyta (blue-green),107.434903
62_0061,208,2020-09-15,anabaena,cyanophyta (blue-green),155.702758
62_0083,204,2020-05-06,haemetococcus,chlorophyta (green),107.434903
62_0083,204,2020-05-27,anabaena,cyanophyta (blue-green),322.3047091
62_0083,204,2020-06-12,ankistrodesmus,cyanophyta (blue-green),358.1163435
62_0083,204,2020-06-26,anabaena,cyanophyta (blue-green),640.132964
62_0083,204,2020-07-21,oscillatoria,chlorophyta (green),1969.639889
62_0083,204,2020-08-10,oscillatoria,chlorophyta (green),3282.733149
62_0083,204,2020-08-24,aphanocapsa,cyanophyta (blue-green),429.7396122
62_0083,204,2020-09-14,microcystis,chlorophyta (green),644.6094183
62_0055,201,2020-04-10,pediastrum,chlorophyta (green),179.0581717
62_0055,201,2020-05-01,ankistrodesmus,cyanophyta (blue-green),119.3721145
62_0055,201,2020-05-17,ceratium,cyanophyta (blue-green),393.9279778
62_0055,201,2020-05-21,cryptomonas,cyanophyta (blue-green),358.1163435
62_0055,201,2020-05-26,asterionella,cyanophyta (blue-green),196.9639889
62_0055,201,2020-06-09,asterionella,cyanophyta (blue-green),94.54271468
62_0055,201,2020-06-26,aphanocapsa,cyanophyta (blue-green),1074.34903
62_0055,201,2020-07-14,staurastrum,chlorophyta (green),386.765651
62_0055,201,2020-08-03,oscillatoria,chlorophyta (green),2363.567867
62_0055,201,2020-08-20,pediastrum,chlorophyta (green),262.6186519
62_0055,201,2020-09-09,ankistrodesmus,cyanophyta (blue-green),483.4570637
62_0055,201,2020-10-05,ulothrix,chrysophyta (yellow-green),358.1163435
62_0055,201,2020-10-23,pediastrum,chlorophyta (green),143.2465374
62_0047,201,2020-04-15,navicula,chlorophyta (green),35.81163435
62_0047,201,2020-05-05,anabaena,cyanophyta (blue-green),13.42936288
62_0047,201,2020-05-20,mallomonas,chlorophyta (green),35.81163435
62_0047,201,2020-07-01,phacus,chlorophyta (green),143.2465374
62_0047,201,2020-07-23,actinastrum,nan,80.57617729
62_0047,201,2020-08-06,cryptomonas,cyanophyta (blue-green),47.7488458
62_0047,201,2020-08-26,ankistrodesmus,cyanophyta (blue-green),639.4934705
62_0047,201,2020-09-11,haemetococcus,chlorophyta (green),1329.506925
62_0047,201,2020-10-09,dinobryon,cyanophyta (blue-green),161.1523546
62_0225,201,2020-05-05,microcystis,chlorophyta (green),190.9953832
62_0225,201,2020-05-20,microcystis,chlorophyta (green),322.3047091
62_0225,201,2020-06-11,cryptomonas,cyanophyta (blue-green),671.468144
62_0225,201,2020-07-01,cryptomonas,cyanophyta (blue-green),3276.764543
62_0225,201,2020-07-23,cryptomonas,cyanophyta (blue-green),62.67036011
62_0225,201,2020-08-06,ankistrodesmus,cyanophyta (blue-green),121.1626962
62_0225,201,2020-08-26,radiococcus,chlorophyta (green),282.0166205
62_0225,201,2020-09-11,oscillatoria,chlorophyta (green),171.8958449
62_0225,201,2020-10-09,oscillatoria,chlorophyta (green),87.53955063
62_0225,201,2020-04-15,asterionella,cyanophyta (blue-green),26.85872576
62_0067,202,2020-05-06,oscillatoria,chlorophyta (green),19.69639889
62_0067,202,2020-05-27,oscillatoria,chlorophyta (green),16.52844662
62_0067,202,2020-06-12,fragilaria,cyanophyta (blue-green),35.81163435
62_0067,202,2020-06-26,cryptomonas,cyanophyta (blue-green),89.52908587
62_0067,202,2020-07-21,pediastrum,chlorophyta (green),62.67036011
62_0067,202,2020-08-10,microcystis,chlorophyta (green),429.7396122
62_0067,202,2020-08-27,haemetococcus,chlorophyta (green),214.8698061
62_0067,202,2020-09-17,haemetococcus,chlorophyta (green),214.8698061
62_0231,201,2020-04-13,haemetococcus,chlorophyta (green),69.06529482
62_0231,201,2020-05-04,haemetococcus,chlorophyta (green),193.3828255
62_0231,201,2020-05-18,cryptomonas,cyanophyta (blue-green),240.7337642
62_0231,201,2020-06-10,cryptomonas,cyanophyta (blue-green),11.81783934
62_0231,201,2020-06-26,ceratium,cyanophyta (blue-green),169.2099723
62_0231,201,2020-07-16,anabaena,cyanophyta (blue-green),16.11523546
62_0231,201,2020-08-05,microcystis,chlorophyta (green),22.44908422
62_0231,201,2020-08-20,microcystis,chlorophyta (green),6.414024063
62_0231,201,2020-09-10,cryptomonas,cyanophyta (blue-green),246.2049861
62_0231,201,2020-10-08,ceratium,cyanophyta (blue-green),6.267036011
62_0054,101,2020-04-13,asterionella,cyanophyta (blue-green),15.15107607
62_0054,101,2020-05-04,cosmarium,cyanophyta (blue-green),93.11024931
62_0054,101,2020-05-18,ceratium,cyanophyta (blue-green),5.371745152
62_0054,101,2020-06-10,cryptomonas,cyanophyta (blue-green),65.65466297
62_0054,101,2020-06-25,ceratium,cyanophyta (blue-green),17.90581717
62_0054,101,2020-07-16,aphanocapsa,cyanophyta (blue-green),48.34570637
62_0054,101,2020-08-05,anabaena,cyanophyta (blue-green),273.5610957
62_0054,101,2020-08-20,fragilaria,cyanophyta (blue-green),53.71745152
62_0054,101,2020-09-10,cryptomonas,cyanophyta (blue-green),99.7609814
62_0054,101,2020-10-08,cryptomonas,cyanophyta (blue-green),429.7396122
62_0057,401,2020-05-07,asterionella,cyanophyta (blue-green),7.785137902
62_0057,401,2020-06-02,dinobryon,cyanophyta (blue-green),20.09836622
62_0057,401,2020-06-15,scenedesmus,chlorophyta (green),16.41366574
62_0057,401,2020-07-02,oscillatoria,chlorophyta (green),63.66512773
62_0057,401,2020-07-22,fragilaria,cyanophyta (blue-green),40.28808864
62_0057,401,2020-08-07,microcystis,chlorophyta (green),107.434903
62_0057,401,2020-08-27,lyngbya,chlorophyta (green),80.57617729
62_0057,401,2020-09-17,ceratium,cyanophyta (blue-green),98.48199446
62_0002,207,2020-05-13,ceratium,cyanophyta (blue-green),61.39137317
62_0002,207,2020-06-04,anabaena,cyanophyta (blue-green),241.7285319
62_0002,207,2020-06-24,gloeocapsa,cyanophyta (blue-green),35.81163435
62_0002,207,2020-07-15,mallomonas,chlorophyta (green),12.78986941
62_0002,207,2020-07-31,crucigenia,cyanophyta (blue-green),14.32465374
62_0002,207,2020-08-18,ceratium,cyanophyta (blue-green),393.9279778
62_0002,207,2020-09-04,ulothrix,chrysophyta (yellow-green),465.5512465
62_0002,207,2020-09-24,asterionella,cyanophyta (blue-green),156.6759003
62_0075,202,2020-05-08,cryptomonas,cyanophyta (blue-green),21.48698061
62_0075,202,2020-05-28,pediastrum,chlorophyta (green),27.28505474
62_0075,202,2020-06-16,pediastrum,chlorophyta (green),47.7488458
62_0075,202,2020-07-06,coelastrum,cyanophyta (blue-green),171.8958449
62_0075,202,2020-07-24,ceratium,cyanophyta (blue-green),572.9861496
62_0075,202,2020-08-12,aphanocapsa,cyanophyta (blue-green),10.3969261
62_0075,202,2020-09-02,mallomonas,chlorophyta (green),161.1523546
62_0075,202,2020-09-15,ceratium,cyanophyta (blue-green),116.3878116
62_0078,101,2020-05-06,oscillatoria,chlorophyta (green),569.0070791
62_0078,101,2020-05-27,mallomonas,chlorophyta (green),26.85872576
62_0078,101,2020-06-15,asterionella,cyanophyta (blue-green),85.94792244
62_0078,101,2020-07-02,phacus,chlorophyta (green),44.76454294
62_0078,101,2020-07-22,ankistrodesmus,cyanophyta (blue-green),250.6814404
62_0078,101,2020-08-07,cryptomonas,cyanophyta (blue-green),196.9639889
62_0078,101,2020-08-27,pediastrum,chlorophyta (green),98.48199446
62_0078,101,2020-09-17,haemetococcus,chlorophyta (green),214.8698061
02_0003,204,2020-05-13,ceratium,cyanophyta (blue-green),3.916897507
02_0003,204,2020-06-04,ceratium,cyanophyta (blue-green),16.92099723
02_0003,204,2020-06-25,phacus,chlorophyta (green),28.92478159
02_0003,204,2020-07-15,cosmarium,cyanophyta (blue-green),25.06814404
02_0003,204,2020-07-31,radiococcus,chlorophyta (green),20.66055828
02_0003,204,2020-08-18,ceratium,cyanophyta (blue-green),31.97467353
02_0003,204,2020-09-04,anabaena,cyanophyta (blue-green),7.899625224
02_0003,204,2020-09-24,aphanocapsa,cyanophyta (blue-green),55.56977744
82_0167,234,2020-05-14,asterionella,cyanophyta (blue-green),7.633532585
82_0167,234,2020-06-24,aphanocapsa,cyanophyta (blue-green),19.69639889
82_0167,234,2020-07-16,mallomonas,chlorophyta (green),21.48698061
82_0167,234,2020-07-31,staurastrum,chlorophyta (green),3.939279778
82_0167,234,2020-08-21,aphanocapsa,cyanophyta (blue-green),12.53407202
82_0167,234,2020-09-04,aphanocapsa,cyanophyta (blue-green),397.9070483
82_0167,234,2020-09-23,microcystis,chlorophyta (green),44.76454294
62_0061,208,2020-05-08,stephanodiscus,chlorophyta (green),29.54459834
62_0061,208,2020-05-28,ceratium,cyanophyta (blue-green),17.2663237
62_0061,208,2020-06-16,anabaena,cyanophyta (blue-green),129.7522984
62_0061,208,2020-07-06,microcystis,chlorophyta (green),153.8781163
62_0061,208,2020-07-24,aphanocapsa,cyanophyta (blue-green),193.3828255
62_0061,208,2020-08-12,ceratium,cyanophyta (blue-green),214.8698061
62_0061,208,2020-09-02,aphanocapsa,cyanophyta (blue-green),895.2908587
62_0061,208,2020-09-15,cryptomonas,cyanophyta (blue-green),34.25460677
62_0083,204,2020-05-27,oscillatoria,chlorophyta (green),9024.531856
62_0083,204,2020-06-12,oscillatoria,chlorophyta (green),179.0581717
62_0083,204,2020-06-26,gloeocapsa,cyanophyta (blue-green),73.86149584
62_0083,204,2020-07-21,microcystis,chlorophyta (green),295.4459834
62_0083,204,2020-08-10,microcystis,chlorophyta (green),131.3093259
62_0083,204,2020-08-24,cryptomonas,cyanophyta (blue-green),214.8698061
62_0083,204,2020-09-14,pediastrum,chlorophyta (green),107.434903
62_0055,201,2020-04-10,cryptomonas,cyanophyta (blue-green),1074.34903
62_0055,201,2020-05-01,ulothrix,chrysophyta (yellow-green),119.3721145
62_0055,201,2020-05-17,asterionella,cyanophyta (blue-green),656.5466297
62_0055,201,2020-05-21,staurastrum,chlorophyta (green),59.68605725
62_0055,201,2020-05-26,microcystis,chlorophyta (green),590.8919668
62_0055,201,2020-06-09,fragilaria,cyanophyta (blue-green),154.7062604
62_0055,201,2020-06-26,ankistrodesmus,cyanophyta (blue-green),128.9218837
62_0055,201,2020-07-14,haemetococcus,chlorophyta (green),171.8958449
62_0055,201,2020-08-03,ceratium,cyanophyta (blue-green),429.7396122
62_0055,201,2020-08-20,fragilaria,cyanophyta (blue-green),131.3093259
62_0055,201,2020-09-09,ceratium,cyanophyta (blue-green),322.3047091
62_0055,201,2020-10-05,pediastrum,chlorophyta (green),89.52908587
62_0055,201,2020-10-23,ankistrodesmus,cyanophyta (blue-green),286.4930748
62_0047,201,2020-04-15,asterionella,cyanophyta (blue-green),35.81163435
62_0047,201,2020-05-05,staurastrum,chlorophyta (green),8.952908587
62_0047,201,2020-05-20,oscillatoria,chlorophyta (green),35.81163435
62_0047,201,2020-07-01,cryptomonas,cyanophyta (blue-green),429.7396122
62_0047,201,2020-07-23,merismopedium,chlorophyta (green),2094.980609
62_0047,201,2020-08-06,merismopedium,chlorophyta (green),71.6232687
62_0047,201,2020-08-26,coelastrum,cyanophyta (blue-green),38.36960823
62_0047,201,2020-09-11,mallomonas,chlorophyta (green),49.24099723
62_0047,201,2020-10-09,ankistrodesmus,cyanophyta (blue-green),53.71745152
62_0225,201,2020-05-05,asterionella,cyanophyta (blue-green),63.66512773
62_0225,201,2020-05-20,haemetococcus,chlorophyta (green),60.43213296
62_0225,201,2020-06-11,ankistrodesmus,cyanophyta (blue-green),53.71745152
62_0225,201,2020-07-01,haemetococcus,chlorophyta (green),107.434903
62_0225,201,2020-07-23,fragilaria,cyanophyta (blue-green),62.67036011
62_0225,201,2020-08-06,oscillatoria,chlorophyta (green),150.4088643
62_0225,201,2020-08-26,stylosphaeribium,chlorophyta (green),80.57617729
62_0225,201,2020-09-11,haemetococcus,chlorophyta (green),547.9180055
62_0225,201,2020-10-09,ulothrix,chrysophyta (yellow-green),21.88488766
62_0225,201,2020-04-15,oscillatoria,chlorophyta (green),40.28808864
62_0067,202,2020-05-27,asterionella,cyanophyta (blue-green),5.509482208
62_0067,202,2020-06-12,anabaena,cyanophyta (blue-green),35.81163435
62_0067,202,2020-07-21,microcystis,chlorophyta (green),250.6814404
62_0067,202,2020-08-10,cryptomonas,cyanophyta (blue-green),214.8698061
62_0067,202,2020-08-27,gomphosphaeria,cyanophyta (blue-green),429.7396122
62_0067,202,2020-09-17,anabaena,cyanophyta (blue-green),107.434903
62_0231,201,2020-04-13,navicula,chlorophyta (green),23.02176494
62_0231,201,2020-05-04,chloroccum,cyanophyta (blue-green),161.1523546
62_0231,201,2020-05-18,haemetococcus,chlorophyta (green),87.53955063
62_0231,201,2020-06-10,microcystis,chlorophyta (green),5.908919668
62_0231,201,2020-06-26,chloroccum,cyanophyta (blue-green),48.34570637
62_0231,201,2020-07-16,mallomonas,chlorophyta (green),24.17285319
62_0231,201,2020-08-05,gloeocapsa,cyanophyta (blue-green),20.5783272
62_0231,201,2020-08-20,mallomonas,chlorophyta (green),52.91569852
62_0231,201,2020-09-10,mallomonas,chlorophyta (green),59.08919668
62_0231,201,2020-10-08,euglena,cyanophyta (blue-green),6.267036011
62_0054,101,2020-05-04,asterionella,cyanophyta (blue-green),139.665374
62_0054,101,2020-06-10,radiococcus,chlorophyta (green),164.1366574
62_0054,101,2020-06-25,anabaena,cyanophyta (blue-green),89.52908587
62_0054,101,2020-07-16,fragilaria,cyanophyta (blue-green),48.34570637
62_0054,101,2020-08-05,aphanocapsa,cyanophyta (blue-green),10.94244383
62_0054,101,2020-08-20,ceratium,cyanophyta (blue-green),17.90581717
62_0054,101,2020-09-10,ceratium,cyanophyta (blue-green),49.8804907
62_0054,101,2020-10-08,dinobryon,cyanophyta (blue-green),507.8740871
62_0057,401,2020-05-07,navicula,chlorophyta (green),11.67770685
62_0057,401,2020-06-02,ankistrodesmus,cyanophyta (blue-green),84.41313811
62_0057,401,2020-06-15,ceratium,cyanophyta (blue-green),98.48199446
62_0057,401,2020-07-02,scenedesmus,chlorophyta (green),15.91628193
62_0057,401,2020-07-22,pediastrum,chlorophyta (green),80.57617729
62_0057,401,2020-08-07,ceratium,cyanophyta (blue-green),107.434903
62_0057,401,2020-09-17,microcystis,chlorophyta (green),98.48199446
62_0002,207,2020-05-13,fragilaria,cyanophyta (blue-green),81.85516423
62_0002,207,2020-06-04,dinobryon,cyanophyta (blue-green),1342.936288
62_0002,207,2020-06-24,microcystis,chlorophyta (green),53.71745152
62_0002,207,2020-07-15,cryptomonas,cyanophyta (blue-green),51.15947764
62_0002,207,2020-07-31,ceratium,cyanophyta (blue-green),300.8177285
62_0002,207,2020-08-18,fragilaria,cyanophyta (blue-green),98.48199446
62_0002,207,2020-09-04,asterionella,cyanophyta (blue-green),51.72791628
62_0002,207,2020-09-24,haemetococcus,chlorophyta (green),22.38227147
62_0075,202,2020-05-08,ulothrix,chrysophyta (yellow-green),7.16232687
62_0075,202,2020-05-28,scenedesmus,chlorophyta (green),6.821263686
62_0075,202,2020-06-16,staurastrum,chlorophyta (green),143.2465374
62_0075,202,2020-07-06,pediastrum,chlorophyta (green),85.94792244
62_0075,202,2020-07-24,tetraedron,chlorophyta (green),143.2465374
62_0075,202,2020-08-12,elakototrhix,cyanophyta (blue-green),10.3969261
62_0075,202,2020-09-02,aphanocapsa,cyanophyta (blue-green),322.3047091
62_0075,202,2020-09-15,cryptomonas,cyanophyta (blue-green),465.5512465
62_0078,101,2020-05-06,asterionella,cyanophyta (blue-green),21.88488766
62_0078,101,2020-05-27,oscillatoria,chlorophyta (green),71.6232687
62_0078,101,2020-06-15,cryptomonas,cyanophyta (blue-green),472.7135734
62_0078,101,2020-07-02,ceratium,cyanophyta (blue-green),44.76454294
62_0078,101,2020-07-22,microcystis,chlorophyta (green),41.78024007
62_0078,101,2020-08-27,haemetococcus,chlorophyta (green),98.48199446
62_0078,101,2020-09-17,radiococcus,chlorophyta (green),53.71745152
02_0003,204,2020-05-13,haemetococcus,chlorophyta (green),2.350138504
02_0003,204,2020-06-04,pediastrum,chlorophyta (green),4.834570637
02_0003,204,2020-06-25,cosmarium,cyanophyta (blue-green),9.641593863
02_0003,204,2020-08-18,microcystis,chlorophyta (green),57.55441235
02_0003,204,2020-09-04,ceratium,cyanophyta (blue-green),10.53283363
02_0003,204,2020-09-24,ceratium,cyanophyta (blue-green),16.67093323
82_0167,234,2020-05-14,cryptomonas,cyanophyta (blue-green),25.44510862
82_0167,234,2020-06-24,haemetococcus,chlorophyta (green),3.282733149
82_0167,234,2020-07-16,dinobryon,cyanophyta (blue-green),14.32465374
82_0167,234,2020-07-31,navicula,chlorophyta (green),5.908919668
82_0167,234,2020-08-21,radiococcus,chlorophyta (green),17.54770083
82_0167,234,2020-09-23,radiococcus,chlorophyta (green),27.75401662
62_0061,208,2020-05-08,pediastrum,chlorophyta (green),36.11006464
62_0061,208,2020-05-28,oocystis,chlorophyta (green),11.51088247
62_0061,208,2020-06-16,microcystis,chlorophyta (green),85.63651692
62_0061,208,2020-07-06,anabaena,cyanophyta (blue-green),89.24930748
62_0061,208,2020-07-24,microcystis,chlorophyta (green),805.7617729
62_0061,208,2020-09-02,pediastrum,chlorophyta (green),17.90581717
62_0061,208,2020-09-15,pediastrum,chlorophyta (green),18.68433096
62_0083,204,2020-05-27,phacus,chlorophyta (green),161.1523546
62_0083,204,2020-06-12,anabaena,cyanophyta (blue-green),931.1024931
62_0083,204,2020-06-26,ceratium,cyanophyta (blue-green),61.55124654
62_0083,204,2020-07-21,aphanocapsa,cyanophyta (blue-green),393.9279778
62_0083,204,2020-08-10,cryptomonas,cyanophyta (blue-green),131.3093259
62_0083,204,2020-08-24,ankistrodesmus,cyanophyta (blue-green),644.6094183
62_0083,204,2020-09-14,oscillatoria,chlorophyta (green),8594.792244
62_0055,201,2020-04-10,scenedesmus,chlorophyta (green),179.0581717
62_0055,201,2020-05-01,fragilaria,cyanophyta (blue-green),59.68605725
62_0055,201,2020-05-17,haemetococcus,chlorophyta (green),590.8919668
62_0055,201,2020-05-26,fragilaria,cyanophyta (blue-green),98.48199446
62_0055,201,2020-06-09,ulothrix,chrysophyta (yellow-green),51.56875346
62_0055,201,2020-06-26,fragilaria,cyanophyta (blue-green),171.8958449
62_0055,201,2020-08-03,fragilaria,cyanophyta (blue-green),71.6232687
62_0055,201,2020-08-20,ceratium,cyanophyta (blue-green),131.3093259
62_0055,201,2020-09-09,actinastrum,nan,161.1523546
62_0055,201,2020-10-05,staurastrum,chlorophyta (green),179.0581717
62_0047,201,2020-05-05,asterionella,cyanophyta (blue-green),11.19113573
62_0047,201,2020-05-20,haemetococcus,chlorophyta (green),17.90581717
62_0047,201,2020-07-01,chloroccum,cyanophyta (blue-green),358.1163435
62_0047,201,2020-07-23,euglena,cyanophyta (blue-green),161.1523546
62_0047,201,2020-08-26,scenedesmus,chlorophyta (green),25.57973882
62_0047,201,2020-09-11,melosira,chlorophyta (green),73.86149584
62_0047,201,2020-10-09,mallomonas,chlorophyta (green),53.71745152
62_0225,201,2020-05-05,ankistrodesmus,cyanophyta (blue-green),31.83256387
62_0225,201,2020-05-20,ankistrodesmus,cyanophyta (blue-green),40.28808864
62_0225,201,2020-06-11,oscillatoria,chlorophyta (green),510.3157895
62_0225,201,2020-07-01,ceratium,cyanophyta (blue-green),53.71745152
62_0225,201,2020-07-23,coelastrum,cyanophyta (blue-green),188.0110803
62_0225,201,2020-08-06,pediastrum,chlorophyta (green),208.9012004
62_0225,201,2020-08-26,haemetococcus,chlorophyta (green),40.28808864
62_0225,201,2020-09-11,mallomonas,chlorophyta (green),42.97396122
62_0225,201,2020-04-15,haemetococcus,chlorophyta (green),26.85872576
62_0067,202,2020-05-27,radiococcus,chlorophyta (green),275.4741104
62_0067,202,2020-07-21,ankistrodesmus,cyanophyta (blue-green),125.3407202
62_0067,202,2020-09-17,gomphosphaeria,cyanophyta (blue-green),107.434903
62_0231,201,2020-05-18,ceratium,cyanophyta (blue-green),65.65466297
62_0231,201,2020-06-10,gloeocapsa,cyanophyta (blue-green),3.939279778
62_0231,201,2020-07-16,gloeocapsa,cyanophyta (blue-green),80.57617729
62_0231,201,2020-08-05,haemetococcus,chlorophyta (green),1.870757018
62_0231,201,2020-08-20,anabaena,cyanophyta (blue-green),80.17530078
62_0231,201,2020-10-08,melosira,chlorophyta (green),6.267036011
62_0054,101,2020-05-04,ankistrodesmus,cyanophyta (blue-green),69.83268698
62_0054,101,2020-06-10,anabaena,cyanophyta (blue-green),16.41366574
62_0054,101,2020-06-25,cyclotella,cyanophyta (blue-green),35.81163435
62_0054,101,2020-07-16,cryptomonas,cyanophyta (blue-green),24.17285319
62_0054,101,2020-08-05,cyclotella,cyanophyta (blue-green),32.82733149
62_0054,101,2020-08-20,mallomonas,chlorophyta (green),17.90581717
62_0054,101,2020-09-10,ankistrodesmus,cyanophyta (blue-green),16.62683023
62_0054,101,2020-10-08,anabaena,cyanophyta (blue-green),175.8025686
62_0057,401,2020-05-07,stephanodiscus,chlorophyta (green),93.42165482
62_0057,401,2020-06-02,staurastrum,chlorophyta (green),12.05901973
62_0057,401,2020-06-15,pediastrum,chlorophyta (green),32.82733149
62_0057,401,2020-07-02,pediastrum,chlorophyta (green),21.22170924
62_0057,401,2020-07-22,ankistrodesmus,cyanophyta (blue-green),120.8642659
62_0002,207,2020-05-13,ankistrodesmus,cyanophyta (blue-green),40.92758211
62_0002,207,2020-06-04,ankistrodesmus,cyanophyta (blue-green),107.434903
62_0002,207,2020-06-24,fragilaria,cyanophyta (blue-green),14.32465374
62_0002,207,2020-07-15,microcystis,chlorophyta (green),76.73921646
62_0002,207,2020-07-31,fragilaria,cyanophyta (blue-green),42.97396122
62_0002,207,2020-08-18,microcystis,chlorophyta (green),393.9279778
62_0002,207,2020-09-04,microcystis,chlorophyta (green),103.4558326
62_0002,207,2020-09-24,fragilaria,cyanophyta (blue-green),67.1468144
62_0075,202,2020-05-08,haemetococcus,chlorophyta (green),28.64930748
62_0075,202,2020-05-28,ulothrix,chrysophyta (yellow-green),20.46379106
62_0075,202,2020-06-16,gloeocapsa,cyanophyta (blue-green),47.7488458
62_0075,202,2020-07-06,ankistrodesmus,cyanophyta (blue-green),229.1944598
62_0075,202,2020-07-24,aphanocapsa,cyanophyta (blue-green),429.7396122
62_0075,202,2020-08-12,staurastrum,chlorophyta (green),5.198463051
62_0075,202,2020-09-02,ankistrodesmus,cyanophyta (blue-green),483.4570637
62_0075,202,2020-09-15,anabaena,cyanophyta (blue-green),232.7756233
62_0078,101,2020-06-15,oocystis,chlorophyta (green),42.97396122
62_0078,101,2020-07-02,mallomonas,chlorophyta (green),22.38227147
62_0078,101,2020-07-22,gloeocapsa,cyanophyta (blue-green),83.56048015
62_0078,101,2020-08-27,mallomonas,chlorophyta (green),98.48199446
62_0078,101,2020-09-17,phacus,chlorophyta (green),107.434903
02_0003,204,2020-06-04,gloeocapsa,cyanophyta (blue-green),6.446094183
02_0003,204,2020-06-25,ceratium,cyanophyta (blue-green),9.641593863
02_0003,204,2020-08-18,phacus,chlorophyta (green),12.78986941
02_0003,204,2020-09-04,microcystis,chlorophyta (green),131.6604204
02_0003,204,2020-09-24,anabaena,cyanophyta (blue-green),33.34186646
82_0167,234,2020-05-14,dinobryon,cyanophyta (blue-green),6.785362298
82_0167,234,2020-07-16,gloeocapsa,cyanophyta (blue-green),28.64930748
82_0167,234,2020-08-21,mallomonas,chlorophyta (green),4.386925208
82_0167,234,2020-09-23,ceratium,cyanophyta (blue-green),5.371745152
62_0061,208,2020-05-08,mallomonas,chlorophyta (green),13.13093259
62_0061,208,2020-05-28,elakototrhix,cyanophyta (blue-green),46.04352988
62_0061,208,2020-06-16,mallomonas,chlorophyta (green),10.38018387
62_0061,208,2020-07-06,cryptomonas,cyanophyta (blue-green),18.46537396
62_0061,208,2020-09-02,microcystis,chlorophyta (green),143.2465374
62_0061,208,2020-09-15,gloeocapsa,cyanophyta (blue-green),24.91244129
62_0083,204,2020-05-27,ulothrix,chrysophyta (yellow-green),161.1523546
62_0083,204,2020-06-12,staurastrum,chlorophyta (green),71.6232687
62_0083,204,2020-06-26,fragilaria,cyanophyta (blue-green),49.24099723
62_0083,204,2020-07-21,staurastrum,chlorophyta (green),196.9639889
62_0083,204,2020-08-24,anabaena,cyanophyta (blue-green),107.434903
62_0083,204,2020-09-14,cryptomonas,cyanophyta (blue-green),429.7396122
62_0055,201,2020-04-10,mallomonas,chlorophyta (green),89.52908587
62_0055,201,2020-05-01,scenedesmus,chlorophyta (green),358.1163435
62_0055,201,2020-05-17,staurastrum,chlorophyta (green),131.3093259
62_0055,201,2020-05-26,ceratium,cyanophyta (blue-green),98.48199446
62_0055,201,2020-06-09,staurastrum,chlorophyta (green),17.18958449
62_0055,201,2020-06-26,microcystis,chlorophyta (green),193.3828255
62_0055,201,2020-08-03,pediastrum,chlorophyta (green),71.6232687
62_0055,201,2020-08-20,actinastrum,nan,65.65466297
62_0055,201,2020-09-09,ulothrix,chrysophyta (yellow-green),966.9141274
62_0047,201,2020-05-05,dinobryon,cyanophyta (blue-green),24.62049861
62_0047,201,2020-05-20,fragilaria,cyanophyta (blue-green),17.90581717
62_0047,201,2020-07-01,merismopedium,chlorophyta (green),143.2465374
62_0047,201,2020-07-23,chloroccum,cyanophyta (blue-green),80.57617729
62_0225,201,2020-07-01,mallomonas,chlorophyta (green),53.71745152
62_0225,201,2020-07-23,anabaena,cyanophyta (blue-green),125.3407202
62_0225,201,2020-08-06,gloeocapsa,cyanophyta (blue-green),100.2725762
62_0225,201,2020-08-26,anabaena,cyanophyta (blue-green),40.28808864
62_0231,201,2020-05-18,mallomonas,chlorophyta (green),21.88488766
62_0231,201,2020-07-16,haemetococcus,chlorophyta (green),32.23047091
62_0231,201,2020-08-05,cosmarium,cyanophyta (blue-green),5.612271055
62_0231,201,2020-08-20,fragilaria,cyanophyta (blue-green),17.63856617
62_0231,201,2020-10-08,mallomonas,chlorophyta (green),37.60221607
62_0054,101,2020-05-04,navicula,chlorophyta (green),23.27756233
62_0054,101,2020-06-25,oocystis,chlorophyta (green),17.90581717
62_0054,101,2020-07-16,anabaena,cyanophyta (blue-green),32.23047091
62_0054,101,2020-08-05,phacus,chlorophyta (green),5.471221914
62_0054,101,2020-08-20,crucigenia,cyanophyta (blue-green),17.90581717
62_0054,101,2020-09-10,gomphosphaeria,cyanophyta (blue-green),332.5366047
62_0054,101,2020-10-08,ceratium,cyanophyta (blue-green),117.2017124
62_0057,401,2020-05-07,cryptomonas,cyanophyta (blue-green),23.35541371
62_0057,401,2020-06-02,mallomonas,chlorophyta (green),8.039346487
62_0057,401,2020-06-15,stephanodiscus,chlorophyta (green),32.82733149
62_0057,401,2020-07-02,gomphosphaeria,cyanophyta (blue-green),15.91628193
62_0057,401,2020-07-22,ceratium,cyanophyta (blue-green),40.28808864
62_0002,207,2020-05-13,staurastrum,chlorophyta (green),20.46379106
62_0002,207,2020-06-04,phacus,chlorophyta (green),26.85872576
62_0002,207,2020-06-24,aphanocapsa,cyanophyta (blue-green),103.8537396
62_0002,207,2020-07-15,aphanocapsa,cyanophyta (blue-green),102.3189553
62_0002,207,2020-07-31,microcystis,chlorophyta (green),71.6232687
62_0002,207,2020-08-18,anabaena,cyanophyta (blue-green),443.1689751
62_0002,207,2020-09-04,anabaena,cyanophyta (blue-green),245.7076023
62_0002,207,2020-09-24,microcystis,chlorophyta (green),89.52908587
62_0075,202,2020-05-28,staurastrum,chlorophyta (green),27.28505474
62_0075,202,2020-06-16,mallomonas,chlorophyta (green),11.93721145
62_0075,202,2020-07-06,microcystis,chlorophyta (green),114.5972299
62_0075,202,2020-07-24,pediastrum,chlorophyta (green),143.2465374
62_0075,202,2020-08-12,microcystis,chlorophyta (green),20.7938522
62_0075,202,2020-09-02,microcystis,chlorophyta (green),161.1523546
62_0078,101,2020-06-15,fragilaria,cyanophyta (blue-green),85.94792244
62_0078,101,2020-07-02,elakototrhix,cyanophyta (blue-green),11.19113573
62_0078,101,2020-07-22,cosmarium,cyanophyta (blue-green),41.78024007
62_0078,101,2020-09-17,cryptomonas,cyanophyta (blue-green),161.1523546
02_0003,204,2020-06-04,staurastrum,chlorophyta (green),3.223047091
02_0003,204,2020-09-24,ankistrodesmus,cyanophyta (blue-green),44.45582195
82_0167,234,2020-05-14,fragilaria,cyanophyta (blue-green),2.544510862
82_0167,234,2020-08-21,crucigenia,cyanophyta (blue-green),3.760221607
62_0061,208,2020-05-08,dinobryon,cyanophyta (blue-green),164.1366574
62_0061,208,2020-05-28,gloeocapsa,cyanophyta (blue-green),28.77720617
62_0061,208,2020-06-16,cosmarium,cyanophyta (blue-green),20.76036774
62_0061,208,2020-07-06,fragilaria,cyanophyta (blue-green),24.62049861
62_0061,208,2020-09-02,lyngbya,chlorophyta (green),17.90581717
62_0061,208,2020-09-15,staurastrum,chlorophyta (green),3.114055161
62_0083,204,2020-06-12,cryptomonas,cyanophyta (blue-green),53.71745152
62_0083,204,2020-06-26,cryptomonas,cyanophyta (blue-green),73.86149584
62_0083,204,2020-07-21,haemetococcus,chlorophyta (green),98.48199446
62_0083,204,2020-08-24,staurastrum,chlorophyta (green),107.434903
62_0083,204,2020-09-14,ankistrodesmus,cyanophyta (blue-green),644.6094183
62_0055,201,2020-05-01,pediastrum,chlorophyta (green),59.68605725
62_0055,201,2020-06-26,pediastrum,chlorophyta (green),42.97396122
62_0055,201,2020-08-20,staurastrum,chlorophyta (green),196.9639889
62_0055,201,2020-09-09,coelastrum,cyanophyta (blue-green),161.1523546
62_0047,201,2020-05-05,mallomonas,chlorophyta (green),4.476454294
62_0225,201,2020-08-06,fragilaria,cyanophyta (blue-green),16.71209603
62_0231,201,2020-07-16,staurastrum,chlorophyta (green),16.11523546
62_0231,201,2020-08-05,ankistrodesmus,cyanophyta (blue-green),1.870757018
62_0231,201,2020-08-20,oscillatoria,chlorophyta (green),33.67362633
62_0231,201,2020-10-08,staurastrum,chlorophyta (green),6.267036011
62_0054,101,2020-05-04,fragilaria,cyanophyta (blue-green),23.27756233
62_0054,101,2020-07-16,cosmarium,cyanophyta (blue-green),8.057617729
62_0054,101,2020-09-10,mallomonas,chlorophyta (green),99.7609814
62_0054,101,2020-10-08,asterionella,cyanophyta (blue-green),19.53361874
62_0057,401,2020-05-07,anabaena,cyanophyta (blue-green),11.67770685
62_0057,401,2020-06-15,navicula,chlorophyta (green),16.41366574
62_0057,401,2020-07-02,chloroccum,cyanophyta (blue-green),31.83256387
62_0002,207,2020-06-24,ankistrodesmus,cyanophyta (blue-green),10.7434903
62_0002,207,2020-07-15,ankistrodesmus,cyanophyta (blue-green),63.94934705
62_0002,207,2020-07-31,ulothrix,chrysophyta (yellow-green),57.29861496
62_0002,207,2020-08-18,lyngbya,chlorophyta (green),49.24099723
62_0002,207,2020-09-04,ceratium,cyanophyta (blue-green),310.3674977
62_0002,207,2020-09-24,oscillatoria,chlorophyta (green),134.2936288
62_0075,202,2020-05-28,ceratium,cyanophyta (blue-green),13.64252737
62_0075,202,2020-06-16,ceratium,cyanophyta (blue-green),35.81163435
62_0075,202,2020-07-06,tetraedron,chlorophyta (green),28.64930748
62_0075,202,2020-07-24,fragilaria,cyanophyta (blue-green),143.2465374
62_0075,202,2020-08-12,mallomonas,chlorophyta (green),2.599231525
62_0075,202,2020-09-02,haemetococcus,chlorophyta (green),161.1523546
62_0078,101,2020-06-15,staurastrum,chlorophyta (green),42.97396122
82_0167,234,2020-08-21,gloeocapsa,cyanophyta (blue-green),6.893739612
62_0061,208,2020-05-08,fragilaria,cyanophyta (blue-green),9.848199446
62_0061,208,2020-05-28,stephanodiscus,chlorophyta (green),46.04352988
62_0061,208,2020-06-16,oocystis,chlorophyta (green),15.5702758
62_0061,208,2020-07-06,ankistrodesmus,cyanophyta (blue-green),12.31024931
62_0061,208,2020-09-02,ankistrodesmus,cyanophyta (blue-green),35.81163435
62_0061,208,2020-09-15,ulothrix,chrysophyta (yellow-green),9.342165482
62_0083,204,2020-06-12,phacus,chlorophyta (green),35.81163435
62_0083,204,2020-06-26,oocystis,chlorophyta (green),24.62049861
62_0055,201,2020-06-26,cryptomonas,cyanophyta (blue-green),85.94792244
62_0055,201,2020-08-20,cryptomonas,cyanophyta (blue-green),131.3093259
62_0055,201,2020-09-09,pediastrum,chlorophyta (green),161.1523546
62_0225,201,2020-08-06,ceratium,cyanophyta (blue-green),37.60221607
62_0231,201,2020-07-16,oscillatoria,chlorophyta (green),8.057617729
62_0231,201,2020-08-05,aphanocapsa,cyanophyta (blue-green),1.870757018
62_0231,201,2020-08-20,haemetococcus,chlorophyta (green),6.414024063
62_0231,201,2020-10-08,cryptomonas,cyanophyta (blue-green),56.4033241
62_0054,101,2020-05-04,ceratium,cyanophyta (blue-green),23.27756233
62_0054,101,2020-07-16,asterionella,cyanophyta (blue-green),8.057617729
62_0054,101,2020-10-08,gomphosphaeria,cyanophyta (blue-green),39.06723747
62_0057,401,2020-06-15,staurastrum,chlorophyta (green),16.41366574
62_0057,401,2020-07-02,cosmarium,cyanophyta (blue-green),10.61085462
62_0002,207,2020-06-24,hormidiopsis,chlorophyta (green),28.64930748
62_0002,207,2020-07-15,oscillatoria,chlorophyta (green),12.78986941
62_0002,207,2020-07-31,staurastrum,chlorophyta (green),42.97396122
62_0002,207,2020-08-18,pediastrum,chlorophyta (green),49.24099723
62_0002,207,2020-09-24,anabaena,cyanophyta (blue-green),44.76454294
62_0075,202,2020-05-28,phacus,chlorophyta (green),6.821263686
62_0075,202,2020-06-16,microcystis,chlorophyta (green),107.434903
62_0075,202,2020-07-06,phacus,chlorophyta (green),28.64930748
62_0075,202,2020-08-12,scenedesmus,chlorophyta (green),2.599231525
62_0075,202,2020-09-02,scenedesmus,chlorophyta (green),161.1523546
62_0078,101,2020-06-15,ceratium,cyanophyta (blue-green),42.97396122
82_0167,234,2020-08-21,cymbella,cyanophyta (blue-green),0.626703601
62_0061,208,2020-05-08,oocystis,chlorophyta (green),6.565466297
62_0061,208,2020-05-28,fragilaria,cyanophyta (blue-green),23.02176494
62_0061,208,2020-06-16,asterionella,cyanophyta (blue-green),10.38018387
62_0061,208,2020-09-15,fragilaria,cyanophyta (blue-green),15.5702758
62_0083,204,2020-06-26,crucigenia,cyanophyta (blue-green),24.62049861
62_0055,201,2020-08-20,scenedesmus,chlorophyta (green),65.65466297
62_0225,201,2020-08-06,stylosphaeribium,chlorophyta (green),33.42419206
62_0231,201,2020-08-05,phacus,chlorophyta (green),1.870757018
62_0231,201,2020-08-20,ankistrodesmus,cyanophyta (blue-green),6.414024063
62_0057,401,2020-06-15,phacus,chlorophyta (green),16.41366574
62_0057,401,2020-07-02,staurastrum,chlorophyta (green),5.305427311
62_0002,207,2020-06-24,ceratium,cyanophyta (blue-green),10.7434903
62_0002,207,2020-07-31,oscillatoria,chlorophyta (green),286.4930748
62_0075,202,2020-07-06,haemetococcus,chlorophyta (green),28.64930748
62_0075,202,2020-08-12,cryptomonas,cyanophyta (blue-green),2.599231525
62_0078,101,2020-06-15,radiococcus,chlorophyta (green),85.94792244
62_0061,208,2020-05-08,microcystis,chlorophyta (green),26.26186519
62_0061,208,2020-05-28,staurastrum,chlorophyta (green),11.51088247
62_0061,208,2020-06-16,fragilaria,cyanophyta (blue-green),20.76036774
62_0061,208,2020-09-15,microcystis,chlorophyta (green),93.42165482
62_0083,204,2020-06-26,cosmarium,cyanophyta (blue-green),12.31024931
62_0055,201,2020-08-20,coelastrum,cyanophyta (blue-green),65.65466297
62_0225,201,2020-08-06,oocystis,chlorophyta (green),8.356048015
62_0231,201,2020-08-20,merismopedium,chlorophyta (green),3.207012031
62_0057,401,2020-06-15,gloeocapsa,cyanophyta (blue-green),16.41366574
62_0002,207,2020-06-24,lyngbya,chlorophyta (green),3.581163435
62_0075,202,2020-08-12,ceratium,cyanophyta (blue-green),2.599231525
62_0061,208,2020-05-08,asterionella,cyanophyta (blue-green),9.848199446
62_0061,208,2020-05-28,pediastrum,chlorophyta (green),34.53264741
62_0061,208,2020-06-16,pediastrum,chlorophyta (green),10.38018387
62_0083,204,2020-06-26,staurastrum,chlorophyta (green),12.31024931
62_0225,201,2020-08-06,merismopedium,chlorophyta (green),12.53407202
62_0057,401,2020-06-15,haemetococcus,chlorophyta (green),16.41366574
62_0075,202,2020-08-12,gomphosphaeria,cyanophyta (blue-green),2.599231525
62_0061,208,2020-05-08,cosmarium,cyanophyta (blue-green),6.565466297
62_0061,208,2020-05-28,ankistrodesmus,cyanophyta (blue-green),115.1088247
62_0061,208,2020-06-16,crucigenia,cyanophyta (blue-green),15.5702758
62_0225,201,2020-08-06,anabaena,cyanophyta (blue-green),4.178024007
